[{"pk": 1, "model": "badge.category", "fields": {"slug": "bookmarks", "name": "Bookmarks"}}, {"pk": 2, "model": "badge.category", "fields": {"slug": "im", "name": "Instant Messaging"}}, {"pk": 3, "model": "badge.category", "fields": {"slug": "user-art", "name": "User-created artwork"}}, {"pk": 4, "model": "badge.category", "fields": {"slug": "social-networking", "name": "Social Networking"}}, {"pk": 5, "model": "badge.category", "fields": {"slug": "microblog", "name": "Microblogging"}}, {"pk": 6, "model": "badge.category", "fields": {"slug": "user-video", "name": "Online user-created video"}}, {"pk": 7, "model": "badge.category", "fields": {"slug": "coolfinding", "name": "Cool-finding utility"}}, {"pk": 8, "model": "badge.category", "fields": {"slug": "blogging", "name": "Blogging"}}, {"pk": 9, "model": "badge.category", "fields": {"slug": "email", "name": "Email"}}, {"pk": 10, "model": "badge.category", "fields": {"slug": "security", "name": "Security"}}, {"pk": 11, "model": "badge.category", "fields": {"slug": "webpages", "name": "User Web Pages"}}, {"pk": 15, "model": "badge.service", "fields": {"category": 8, "description": "TypePad free and pro blogs!", "display": "TypePad: %(id)s", "url": "http://typepad.com/", "id_url": "http://%(id)s.typepad.com/", "name": "TypePad", "adult": false, "suggestion": false, "slug": "typepad", "icon": "icons/typepad-1.png"}}, {"pk": 19, "model": "badge.service", "fields": {"category": 11, "description": "For your own website!  Make sure to include the 'http://' portion of the URL!", "display": "%(id)s", "url": "http://mjs-svc.com/", "id_url": "%(id)s", "name": "Web Page", "adult": false, "suggestion": false, "slug": "Website", "icon": "icons/website.png"}}, {"pk": 16, "model": "badge.service", "fields": {"category": 9, "description": "Use this if you want to differentiate between any ol' email and a primary email address!", "display": "Primary: %(id)s", "url": "http://gmail.com/", "id_url": "mailto:%(id)s", "name": "Primary Email Address", "adult": false, "suggestion": false, "slug": "prim-mail", "icon": "icons/primary-mail.png"}}, {"pk": 9, "model": "badge.service", "fields": {"category": 1, "description": "Bookmark sync-n-search", "display": "Xmarks", "url": "http://xmarks.com/", "id_url": "http://xmarks.com/profile/%(id)s", "name": "Xmarks", "adult": false, "suggestion": false, "slug": "xmarks", "icon": "icons/favicon.ico"}}, {"pk": 8, "model": "badge.service", "fields": {"category": 1, "description": "The tastiest bookmark site out there!", "display": "Delicious", "url": "http://delicious.com/", "id_url": "http://delicious.com/%(id)s", "name": "Delicious", "adult": false, "suggestion": false, "slug": "delicious", "icon": "icons/delicious-0.png"}}, {"pk": 17, "model": "badge.service", "fields": {"category": 9, "description": "An email address!", "display": "%(id)s", "url": "http://gmail.com/", "id_url": "mailto:%(id)s", "name": "Email Address", "adult": false, "suggestion": false, "slug": "email", "icon": "icons/mail.png"}}, {"pk": 3, "model": "badge.service", "fields": {"category": 3, "description": "The premier site for furry art on the net!", "display": "FA: %(id)s", "url": "http://furaffinity.net/", "id_url": "http://furaffinity.net/user/%(id)s", "name": "FurAffinity.net", "adult": false, "suggestion": false, "slug": "furaffinity", "icon": "icons/fa-0.png"}}, {"pk": 5, "model": "badge.service", "fields": {"category": 2, "description": "The chat client of lore!", "display": "AIM: %(id)s", "url": "http://products.aim.com/", "id_url": "aim:goim?screenname=%(id)s", "name": "AOL Instant Messenger", "adult": false, "suggestion": false, "slug": "aim", "icon": "icons/aim-1.png"}}, {"pk": 18, "model": "badge.service", "fields": {"category": 10, "description": "Your PGP public key on any keyserver or website - simply copy the URL that displays your public key or WoT.", "display": "PGP public key", "url": "http://pgp.com/", "id_url": "%(id)s", "name": "PGP Public Key", "adult": false, "suggestion": false, "slug": "pgp", "icon": "icons/pgp.png"}}, {"pk": 6, "model": "badge.service", "fields": {"category": 4, "description": "One of the early social networking sites!<br />\r\n<br />\r\n(N.B.: use the part of the URL that comes after 'facebook.com/'; if you have a username, this would be, for example, if your username is badgerific, http://facebook.com/<em>badgerific</em>, otherwise, this will look like http://facebook.com/<em>profile.php?id=1234567890</em>)\r\n", "display": "Facebook", "url": "http://facebook.com/", "id_url": "http://facebook.com/%(id)s", "name": "Facebook", "adult": false, "suggestion": false, "slug": "facebook", "icon": "icons/fb.png"}}, {"pk": 7, "model": "badge.service", "fields": {"category": 4, "description": "A social networking website.<br />\r\n<br />\r\n(N.B.: grab the number in the URL of your profile!)", "display": "Friendster", "url": "http://friendster.com/", "id_url": "http://profiles.friendster.com/%(id)s", "name": "Friendster", "adult": false, "suggestion": false, "slug": "friendster", "icon": "icons/friendster.png"}}, {"pk": 4, "model": "badge.service", "fields": {"category": 6, "description": "The video site that made it to the top!", "display": "YouTube: %(id)s", "url": "http://youtube.com/", "id_url": "http://youtube.com/user/%(id)s", "name": "YouTube", "adult": false, "suggestion": false, "slug": "youtube", "icon": "icons/yt.png"}}, {"pk": 14, "model": "badge.service", "fields": {"category": 8, "description": "Google's blogging service.", "display": "Blogger: %(id)s", "url": "http://blogger.com/", "id_url": "http://%(id)s.blogger.com", "name": "Blogger", "adult": false, "suggestion": false, "slug": "blogger", "icon": "icons/blogger-1.png"}}, {"pk": 13, "model": "badge.service", "fields": {"category": 8, "description": "WordPress blogging!  Yes!", "display": "WordPress: %(id)s", "url": "http://wordpress.com/", "id_url": "http://%(id)s.wordpress.com", "name": "WordPress", "adult": false, "suggestion": false, "slug": "wordpress", "icon": "icons/wp.png"}}, {"pk": 11, "model": "badge.service", "fields": {"category": 7, "description": "Stumble upon relevant content on the web", "display": "StumbleUpon", "url": "http://stumbleupon.com/", "id_url": "http://stumbleupon.com/stumbler/%(id)s", "name": "StumbleUpon", "adult": false, "suggestion": false, "slug": "stumbleupon", "icon": "icons/stumbleupon.png"}}, {"pk": 10, "model": "badge.service", "fields": {"category": 7, "description": "Interesting news and neat content.", "display": "Digg", "url": "http://digg.com/", "id_url": "http://digg.com/users/%(id)s", "name": "Digg", "adult": false, "suggestion": false, "slug": "digg", "icon": "icons/digg.png"}}, {"pk": 12, "model": "badge.service", "fields": {"category": 8, "description": "One of the older blogging services out there!", "display": "LJ: %(id)s", "url": "http://livejournal.com/", "id_url": "http://%(id)s.livejournal.com", "name": "LiveJournal", "adult": false, "suggestion": false, "slug": "livejournal", "icon": "icons/lj-1.png"}}, {"pk": 2, "model": "badge.service", "fields": {"category": 3, "description": "Pretty much the best photo site around.", "display": "Flickr", "url": "http://flickr.com/", "id_url": "http://flickr.com/photos/%(id)s", "name": "Flickr", "adult": false, "suggestion": false, "slug": "flickr", "icon": "icons/flickr.png"}}, {"pk": 1, "model": "badge.service", "fields": {"category": 5, "description": "Only <em>the</em> most famous microblogging site of them all!  Duh!", "display": "Twitter: @%(id)s", "url": "http://twitter.com/", "id_url": "http://twitter.com/%(id)s", "name": "Twitter", "adult": false, "suggestion": false, "slug": "twitter", "icon": "icons/t_mini-b.png"}}, {"pk": 2, "model": "badge.implementation", "fields": {"notes": "Style and script tags blocked.", "suggestion": false, "support": "static", "location": "entry", "service": 12}}, {"pk": 1, "model": "badge.implementation", "fields": {"notes": "No script or style tags; no style attributes on static badge", "suggestion": false, "support": "link", "location": "profile page", "service": 12}}, {"pk": 24, "model": "badge.badgelet", "fields": {"hidden": false, "identifier": "makyo@drab-makyo.com", "weight": 0, "user": 2, "service": 16}}, {"pk": 25, "model": "badge.badgelet", "fields": {"hidden": false, "identifier": "mjs@mjs-vc.com", "weight": 1, "user": 2, "service": 17}}, {"pk": 27, "model": "badge.badgelet", "fields": {"hidden": false, "identifier": "matthew.scott@rams.colostate.edu", "weight": 2, "user": 2, "service": 17}}, {"pk": 26, "model": "badge.badgelet", "fields": {"hidden": false, "identifier": "mjs@mjs-publishing.com", "weight": 3, "user": 2, "service": 17}}, {"pk": 23, "model": "badge.badgelet", "fields": {"hidden": false, "identifier": "http://pgp.mit.edu:11371/pks/lookup?op=get&search=0x8361A9B7C55309AB", "weight": 4, "user": 2, "service": 18}}, {"pk": 29, "model": "badge.badgelet", "fields": {"hidden": false, "identifier": "http://drab-makyo.com", "weight": 5, "user": 2, "service": 19}}, {"pk": 30, "model": "badge.badgelet", "fields": {"hidden": false, "identifier": "http://mjs-svc.com", "weight": 6, "user": 2, "service": 19}}, {"pk": 31, "model": "badge.badgelet", "fields": {"hidden": false, "identifier": "http://mjs-publishing.com", "weight": 7, "user": 2, "service": 19}}, {"pk": 21, "model": "badge.badgelet", "fields": {"hidden": false, "identifier": "drab_makyo", "weight": 8, "user": 2, "service": 1}}, {"pk": 32, "model": "badge.badgelet", "fields": {"hidden": false, "identifier": "drab-makyo", "weight": 9, "user": 2, "service": 12}}, {"pk": 18, "model": "badge.badgelet", "fields": {"hidden": false, "identifier": "drabmakyo", "weight": 10, "user": 2, "service": 5}}, {"pk": 20, "model": "badge.badgelet", "fields": {"hidden": false, "identifier": "ranna", "weight": 11, "user": 2, "service": 2}}, {"pk": 17, "model": "badge.badgelet", "fields": {"hidden": false, "identifier": "rannafox", "weight": 12, "user": 2, "service": 4}}, {"pk": 19, "model": "badge.badgelet", "fields": {"hidden": false, "identifier": "ranna", "weight": 13, "user": 2, "service": 3}}, {"pk": 16, "model": "badge.badgelet", "fields": {"hidden": false, "identifier": "drabmakyo", "weight": 14, "user": 2, "service": 6}}, {"pk": 15, "model": "badge.badgelet", "fields": {"hidden": false, "identifier": "drab-makyo", "weight": 15, "user": 2, "service": 9}}]
