[{"pk": 22, "model": "auth.permission", "fields": {"codename": "add_logentry", "name": "Can add log entry", "content_type": 8}}, {"pk": 23, "model": "auth.permission", "fields": {"codename": "change_logentry", "name": "Can change log entry", "content_type": 8}}, {"pk": 24, "model": "auth.permission", "fields": {"codename": "delete_logentry", "name": "Can delete log entry", "content_type": 8}}, {"pk": 4, "model": "auth.permission", "fields": {"codename": "add_group", "name": "Can add group", "content_type": 2}}, {"pk": 10, "model": "auth.permission", "fields": {"codename": "add_message", "name": "Can add message", "content_type": 4}}, {"pk": 1, "model": "auth.permission", "fields": {"codename": "add_permission", "name": "Can add permission", "content_type": 1}}, {"pk": 7, "model": "auth.permission", "fields": {"codename": "add_user", "name": "Can add user", "content_type": 3}}, {"pk": 5, "model": "auth.permission", "fields": {"codename": "change_group", "name": "Can change group", "content_type": 2}}, {"pk": 11, "model": "auth.permission", "fields": {"codename": "change_message", "name": "Can change message", "content_type": 4}}, {"pk": 2, "model": "auth.permission", "fields": {"codename": "change_permission", "name": "Can change permission", "content_type": 1}}, {"pk": 8, "model": "auth.permission", "fields": {"codename": "change_user", "name": "Can change user", "content_type": 3}}, {"pk": 6, "model": "auth.permission", "fields": {"codename": "delete_group", "name": "Can delete group", "content_type": 2}}, {"pk": 12, "model": "auth.permission", "fields": {"codename": "delete_message", "name": "Can delete message", "content_type": 4}}, {"pk": 3, "model": "auth.permission", "fields": {"codename": "delete_permission", "name": "Can delete permission", "content_type": 1}}, {"pk": 9, "model": "auth.permission", "fields": {"codename": "delete_user", "name": "Can delete user", "content_type": 3}}, {"pk": 31, "model": "auth.permission", "fields": {"codename": "add_badgelet", "name": "Can add badgelet", "content_type": 11}}, {"pk": 34, "model": "auth.permission", "fields": {"codename": "add_category", "name": "Can add category", "content_type": 12}}, {"pk": 37, "model": "auth.permission", "fields": {"codename": "add_implementation", "name": "Can add implementation", "content_type": 13}}, {"pk": 28, "model": "auth.permission", "fields": {"codename": "add_service", "name": "Can add service", "content_type": 10}}, {"pk": 32, "model": "auth.permission", "fields": {"codename": "change_badgelet", "name": "Can change badgelet", "content_type": 11}}, {"pk": 35, "model": "auth.permission", "fields": {"codename": "change_category", "name": "Can change category", "content_type": 12}}, {"pk": 38, "model": "auth.permission", "fields": {"codename": "change_implementation", "name": "Can change implementation", "content_type": 13}}, {"pk": 29, "model": "auth.permission", "fields": {"codename": "change_service", "name": "Can change service", "content_type": 10}}, {"pk": 33, "model": "auth.permission", "fields": {"codename": "delete_badgelet", "name": "Can delete badgelet", "content_type": 11}}, {"pk": 36, "model": "auth.permission", "fields": {"codename": "delete_category", "name": "Can delete category", "content_type": 12}}, {"pk": 39, "model": "auth.permission", "fields": {"codename": "delete_implementation", "name": "Can delete implementation", "content_type": 13}}, {"pk": 30, "model": "auth.permission", "fields": {"codename": "delete_service", "name": "Can delete service", "content_type": 10}}, {"pk": 13, "model": "auth.permission", "fields": {"codename": "add_contenttype", "name": "Can add content type", "content_type": 5}}, {"pk": 14, "model": "auth.permission", "fields": {"codename": "change_contenttype", "name": "Can change content type", "content_type": 5}}, {"pk": 15, "model": "auth.permission", "fields": {"codename": "delete_contenttype", "name": "Can delete content type", "content_type": 5}}, {"pk": 25, "model": "auth.permission", "fields": {"codename": "add_flatpage", "name": "Can add flat page", "content_type": 9}}, {"pk": 26, "model": "auth.permission", "fields": {"codename": "change_flatpage", "name": "Can change flat page", "content_type": 9}}, {"pk": 27, "model": "auth.permission", "fields": {"codename": "delete_flatpage", "name": "Can delete flat page", "content_type": 9}}, {"pk": 16, "model": "auth.permission", "fields": {"codename": "add_session", "name": "Can add session", "content_type": 6}}, {"pk": 17, "model": "auth.permission", "fields": {"codename": "change_session", "name": "Can change session", "content_type": 6}}, {"pk": 18, "model": "auth.permission", "fields": {"codename": "delete_session", "name": "Can delete session", "content_type": 6}}, {"pk": 19, "model": "auth.permission", "fields": {"codename": "add_site", "name": "Can add site", "content_type": 7}}, {"pk": 20, "model": "auth.permission", "fields": {"codename": "change_site", "name": "Can change site", "content_type": 7}}, {"pk": 21, "model": "auth.permission", "fields": {"codename": "delete_site", "name": "Can delete site", "content_type": 7}}, {"pk": 1, "model": "auth.group", "fields": {"name": "Staff Badgers", "permissions": [5, 34, 37, 28, 35, 38, 29, 36, 39, 30, 26]}}, {"pk": 1, "model": "auth.user", "fields": {"username": "mscott", "first_name": "Matthew", "last_name": "Scott", "is_active": true, "is_superuser": true, "is_staff": true, "last_login": "2010-03-20 02:39:06", "groups": [], "user_permissions": [], "password": "sha1$1567d$3cf50f94bc1733688c88787e435424af600f6927", "email": "mjs@mjs-svc.com", "date_joined": "2010-03-16 16:44:46"}}, {"pk": 2, "model": "auth.user", "fields": {"username": "makyo", "first_name": "Matt", "last_name": "Scott", "is_active": true, "is_superuser": false, "is_staff": true, "last_login": "2010-03-20 03:08:58", "groups": [1], "user_permissions": [], "password": "sha1$936c6$920d32162ca19cd8240dacfe5e423f41a581218d", "email": "makyo@drab-makyo.com", "date_joined": "2010-03-17 16:43:42"}}, {"pk": 11, "model": "contenttypes.contenttype", "fields": {"model": "badgelet", "name": "badgelet", "app_label": "badge"}}, {"pk": 12, "model": "contenttypes.contenttype", "fields": {"model": "category", "name": "category", "app_label": "badge"}}, {"pk": 5, "model": "contenttypes.contenttype", "fields": {"model": "contenttype", "name": "content type", "app_label": "contenttypes"}}, {"pk": 9, "model": "contenttypes.contenttype", "fields": {"model": "flatpage", "name": "flat page", "app_label": "flatpages"}}, {"pk": 2, "model": "contenttypes.contenttype", "fields": {"model": "group", "name": "group", "app_label": "auth"}}, {"pk": 13, "model": "contenttypes.contenttype", "fields": {"model": "implementation", "name": "implementation", "app_label": "badge"}}, {"pk": 8, "model": "contenttypes.contenttype", "fields": {"model": "logentry", "name": "log entry", "app_label": "admin"}}, {"pk": 4, "model": "contenttypes.contenttype", "fields": {"model": "message", "name": "message", "app_label": "auth"}}, {"pk": 1, "model": "contenttypes.contenttype", "fields": {"model": "permission", "name": "permission", "app_label": "auth"}}, {"pk": 10, "model": "contenttypes.contenttype", "fields": {"model": "service", "name": "service", "app_label": "badge"}}, {"pk": 6, "model": "contenttypes.contenttype", "fields": {"model": "session", "name": "session", "app_label": "sessions"}}, {"pk": 7, "model": "contenttypes.contenttype", "fields": {"model": "site", "name": "site", "app_label": "sites"}}, {"pk": 3, "model": "contenttypes.contenttype", "fields": {"model": "user", "name": "user", "app_label": "auth"}}, {"pk": "24bd3b61a724036383193925fd88d745", "model": "sessions.session", "fields": {"expire_date": "2010-04-03 00:28:42", "session_data": "gAJ9cQFVCnRlc3Rjb29raWVxAlUGd29ya2VkcQNzLjI1ODg5MzQ3Yjc0YzM1ODBlZTk4NDliMTdm\nZDVmZDNl\n"}}, {"pk": "2d267d047a539c9d7ff5da35625d650b", "model": "sessions.session", "fields": {"expire_date": "2010-04-03 01:04:08", "session_data": "gAJ9cQFVCnRlc3Rjb29raWVxAlUGd29ya2VkcQNzLjI1ODg5MzQ3Yjc0YzM1ODBlZTk4NDliMTdm\nZDVmZDNl\n"}}, {"pk": "400401ce76832fecce7a000eec091f45", "model": "sessions.session", "fields": {"expire_date": "2010-04-03 03:38:27", "session_data": "gAJ9cQFVCnRlc3Rjb29raWVxAlUGd29ya2VkcQNzLjI1ODg5MzQ3Yjc0YzM1ODBlZTk4NDliMTdm\nZDVmZDNl\n"}}, {"pk": "e41f0887b20e4676ec951f3eea6822af", "model": "sessions.session", "fields": {"expire_date": "2010-04-03 07:26:36", "session_data": "gAJ9cQFVCnRlc3Rjb29raWVxAlUGd29ya2VkcQNzLjI1ODg5MzQ3Yjc0YzM1ODBlZTk4NDliMTdm\nZDVmZDNl\n"}}, {"pk": "b08e560d17dc0231f61b05659aec3a8b", "model": "sessions.session", "fields": {"expire_date": "2010-04-04 10:59:03", "session_data": "gAJ9cQFVCnRlc3Rjb29raWVxAlUGd29ya2VkcQNzLjI1ODg5MzQ3Yjc0YzM1ODBlZTk4NDliMTdm\nZDVmZDNl\n"}}, {"pk": "35ca193761f084fe5954a9db44270c12", "model": "sessions.session", "fields": {"expire_date": "2010-04-04 11:04:34", "session_data": "gAJ9cQFVCnRlc3Rjb29raWVxAlUGd29ya2VkcQNzLjI1ODg5MzQ3Yjc0YzM1ODBlZTk4NDliMTdm\nZDVmZDNl\n"}}, {"pk": "631b97ec37ec8b882053a736a70f73b8", "model": "sessions.session", "fields": {"expire_date": "2010-04-04 22:46:30", "session_data": "gAJ9cQEuOGJmYzQxN2U1NTIwNDM2Mzg4ZTY4Nzg4MTlmN2UxOTE=\n"}}, {"pk": "6586fb2831b31682a360f59d61c21185", "model": "sessions.session", "fields": {"expire_date": "2010-04-02 15:52:56", "session_data": "gAJ9cQEuOGJmYzQxN2U1NTIwNDM2Mzg4ZTY4Nzg4MTlmN2UxOTE=\n"}}, {"pk": "542516bfa48c1760d60ba5c4f5cdf62f", "model": "sessions.session", "fields": {"expire_date": "2010-04-02 17:27:21", "session_data": "gAJ9cQFVCnRlc3Rjb29raWVxAlUGd29ya2VkcQNzLjI1ODg5MzQ3Yjc0YzM1ODBlZTk4NDliMTdm\nZDVmZDNl\n"}}, {"pk": "e6e3b90be724214b207501d9ee1c81dc", "model": "sessions.session", "fields": {"expire_date": "2010-04-02 23:27:23", "session_data": "gAJ9cQFVCnRlc3Rjb29raWVxAlUGd29ya2VkcQNzLjI1ODg5MzQ3Yjc0YzM1ODBlZTk4NDliMTdm\nZDVmZDNl\n"}}, {"pk": "55a523f7a55349f6968f078424ff69a2", "model": "sessions.session", "fields": {"expire_date": "2010-04-02 23:57:53", "session_data": "gAJ9cQEoVRJfYXV0aF91c2VyX2JhY2tlbmRxAlUpZGphbmdvLmNvbnRyaWIuYXV0aC5iYWNrZW5k\ncy5Nb2RlbEJhY2tlbmRxA1UNX2F1dGhfdXNlcl9pZHEESwJ1LjMxOWExOWFiZDZlNjYxZDI0NDM2\nNjA1MjFlYThjNzEw\n"}}, {"pk": 1, "model": "sites.site", "fields": {"domain": "badger.mjs-svc.com", "name": "Badger!"}}, {"pk": 93, "model": "admin.logentry", "fields": {"action_flag": 2, "action_time": "2010-03-20 14:28:42", "object_repr": "/about/ -- About!", "object_id": "2", "change_message": "Changed content.", "user": 2, "content_type": 9}}, {"pk": 92, "model": "admin.logentry", "fields": {"action_flag": 2, "action_time": "2010-03-19 23:57:37", "object_repr": "Staff Badgers", "object_id": "1", "change_message": "Changed permissions.", "user": 1, "content_type": 2}}, {"pk": 91, "model": "admin.logentry", "fields": {"action_flag": 2, "action_time": "2010-03-19 23:23:02", "object_repr": "Implementation object", "object_id": "1", "change_message": "Changed notes.", "user": 1, "content_type": 13}}, {"pk": 90, "model": "admin.logentry", "fields": {"action_flag": 1, "action_time": "2010-03-19 23:22:45", "object_repr": "Implementation object", "object_id": "2", "change_message": "", "user": 1, "content_type": 13}}, {"pk": 89, "model": "admin.logentry", "fields": {"action_flag": 1, "action_time": "2010-03-19 23:22:12", "object_repr": "Implementation object", "object_id": "1", "change_message": "", "user": 1, "content_type": 13}}, {"pk": 88, "model": "admin.logentry", "fields": {"action_flag": 2, "action_time": "2010-03-19 22:33:02", "object_repr": "FurAffinity.net", "object_id": "3", "change_message": "Changed adult.", "user": 2, "content_type": 10}}, {"pk": 87, "model": "admin.logentry", "fields": {"action_flag": 3, "action_time": "2010-03-19 21:56:47", "object_repr": "tes", "object_id": "None", "change_message": "", "user": 1, "content_type": 10}}, {"pk": 86, "model": "admin.logentry", "fields": {"action_flag": 1, "action_time": "2010-03-19 21:56:16", "object_repr": "tes", "object_id": "25", "change_message": "", "user": 1, "content_type": 10}}, {"pk": 85, "model": "admin.logentry", "fields": {"action_flag": 3, "action_time": "2010-03-19 21:55:34", "object_repr": "dook", "object_id": "None", "change_message": "", "user": 1, "content_type": 10}}, {"pk": 84, "model": "admin.logentry", "fields": {"action_flag": 3, "action_time": "2010-03-19 21:55:28", "object_repr": "dd", "object_id": "None", "change_message": "", "user": 1, "content_type": 10}}, {"pk": 83, "model": "admin.logentry", "fields": {"action_flag": 3, "action_time": "2010-03-19 21:55:20", "object_repr": "a", "object_id": "None", "change_message": "", "user": 1, "content_type": 10}}, {"pk": 82, "model": "admin.logentry", "fields": {"action_flag": 3, "action_time": "2010-03-19 21:55:13", "object_repr": "dds", "object_id": "None", "change_message": "", "user": 1, "content_type": 10}}, {"pk": 81, "model": "admin.logentry", "fields": {"action_flag": 3, "action_time": "2010-03-19 21:52:37", "object_repr": "q", "object_id": "None", "change_message": "", "user": 1, "content_type": 10}}, {"pk": 80, "model": "admin.logentry", "fields": {"action_flag": 2, "action_time": "2010-03-19 21:36:16", "object_repr": "Blogger", "object_id": "14", "change_message": "No fields changed.", "user": 2, "content_type": 10}}, {"pk": 79, "model": "admin.logentry", "fields": {"action_flag": 2, "action_time": "2010-03-19 15:52:10", "object_repr": "Primary Email Address", "object_id": "16", "change_message": "Changed display.", "user": 2, "content_type": 10}}, {"pk": 78, "model": "admin.logentry", "fields": {"action_flag": 2, "action_time": "2010-03-19 15:49:44", "object_repr": "Web Page", "object_id": "19", "change_message": "Changed description.", "user": 2, "content_type": 10}}, {"pk": 77, "model": "admin.logentry", "fields": {"action_flag": 2, "action_time": "2010-03-19 15:49:06", "object_repr": "makyo", "object_id": "2", "change_message": "Changed is_staff and groups.", "user": 1, "content_type": 3}}, {"pk": 76, "model": "admin.logentry", "fields": {"action_flag": 1, "action_time": "2010-03-19 15:48:48", "object_repr": "Staff Badgers", "object_id": "1", "change_message": "", "user": 1, "content_type": 2}}, {"pk": 75, "model": "admin.logentry", "fields": {"action_flag": 2, "action_time": "2010-03-19 15:37:08", "object_repr": "User Web Pages", "object_id": "11", "change_message": "Changed name.", "user": 1, "content_type": 12}}, {"pk": 74, "model": "admin.logentry", "fields": {"action_flag": 1, "action_time": "2010-03-19 15:36:50", "object_repr": "Web Page", "object_id": "19", "change_message": "", "user": 1, "content_type": 10}}, {"pk": 73, "model": "admin.logentry", "fields": {"action_flag": 1, "action_time": "2010-03-19 15:36:42", "object_repr": "Web Pages", "object_id": "11", "change_message": "", "user": 1, "content_type": 12}}, {"pk": 72, "model": "admin.logentry", "fields": {"action_flag": 1, "action_time": "2010-03-19 15:27:49", "object_repr": "PGP Public Key", "object_id": "18", "change_message": "", "user": 1, "content_type": 10}}, {"pk": 71, "model": "admin.logentry", "fields": {"action_flag": 1, "action_time": "2010-03-19 15:27:46", "object_repr": "Security", "object_id": "10", "change_message": "", "user": 1, "content_type": 12}}, {"pk": 70, "model": "admin.logentry", "fields": {"action_flag": 1, "action_time": "2010-03-19 15:21:32", "object_repr": "Email Address", "object_id": "17", "change_message": "", "user": 1, "content_type": 10}}, {"pk": 69, "model": "admin.logentry", "fields": {"action_flag": 1, "action_time": "2010-03-19 15:20:39", "object_repr": "Primary Email Address", "object_id": "16", "change_message": "", "user": 1, "content_type": 10}}, {"pk": 68, "model": "admin.logentry", "fields": {"action_flag": 1, "action_time": "2010-03-19 15:20:17", "object_repr": "Email", "object_id": "9", "change_message": "", "user": 1, "content_type": 12}}, {"pk": 67, "model": "admin.logentry", "fields": {"action_flag": 1, "action_time": "2010-03-19 15:18:26", "object_repr": "TypePad", "object_id": "15", "change_message": "", "user": 1, "content_type": 10}}, {"pk": 66, "model": "admin.logentry", "fields": {"action_flag": 1, "action_time": "2010-03-19 15:15:23", "object_repr": "Blogger", "object_id": "14", "change_message": "", "user": 1, "content_type": 10}}, {"pk": 65, "model": "admin.logentry", "fields": {"action_flag": 1, "action_time": "2010-03-19 15:13:13", "object_repr": "WordPress", "object_id": "13", "change_message": "", "user": 1, "content_type": 10}}, {"pk": 64, "model": "admin.logentry", "fields": {"action_flag": 1, "action_time": "2010-03-19 15:10:54", "object_repr": "LiveJournal", "object_id": "12", "change_message": "", "user": 1, "content_type": 10}}, {"pk": 63, "model": "admin.logentry", "fields": {"action_flag": 1, "action_time": "2010-03-19 15:09:43", "object_repr": "Blogging", "object_id": "8", "change_message": "", "user": 1, "content_type": 12}}, {"pk": 62, "model": "admin.logentry", "fields": {"action_flag": 2, "action_time": "2010-03-19 15:06:34", "object_repr": "/about/ -- About!", "object_id": "2", "change_message": "Changed content.", "user": 1, "content_type": 9}}, {"pk": 61, "model": "admin.logentry", "fields": {"action_flag": 2, "action_time": "2010-03-19 14:22:22", "object_repr": "/ -- Badgerific!", "object_id": "1", "change_message": "No fields changed.", "user": 1, "content_type": 9}}, {"pk": 60, "model": "admin.logentry", "fields": {"action_flag": 2, "action_time": "2010-03-19 14:21:49", "object_repr": "/ -- Badgerific!", "object_id": "1", "change_message": "Changed content.", "user": 1, "content_type": 9}}, {"pk": 59, "model": "admin.logentry", "fields": {"action_flag": 2, "action_time": "2010-03-19 14:21:09", "object_repr": "/ -- Badgerific!", "object_id": "1", "change_message": "Changed content.", "user": 1, "content_type": 9}}, {"pk": 58, "model": "admin.logentry", "fields": {"action_flag": 2, "action_time": "2010-03-19 14:12:00", "object_repr": "/help/ -- Help!", "object_id": "3", "change_message": "Changed content.", "user": 1, "content_type": 9}}, {"pk": 57, "model": "admin.logentry", "fields": {"action_flag": 2, "action_time": "2010-03-19 14:11:32", "object_repr": "/help/ -- Help!", "object_id": "3", "change_message": "Changed content.", "user": 1, "content_type": 9}}, {"pk": 56, "model": "admin.logentry", "fields": {"action_flag": 2, "action_time": "2010-03-19 14:10:07", "object_repr": "/help/ -- Help!", "object_id": "3", "change_message": "Changed content.", "user": 1, "content_type": 9}}, {"pk": 55, "model": "admin.logentry", "fields": {"action_flag": 2, "action_time": "2010-03-19 13:40:30", "object_repr": "/donate/ -- Donate!", "object_id": "4", "change_message": "Changed content.", "user": 1, "content_type": 9}}, {"pk": 54, "model": "admin.logentry", "fields": {"action_flag": 2, "action_time": "2010-03-19 13:32:04", "object_repr": "/about/ -- About!", "object_id": "2", "change_message": "Changed content.", "user": 1, "content_type": 9}}, {"pk": 53, "model": "admin.logentry", "fields": {"action_flag": 2, "action_time": "2010-03-19 13:31:33", "object_repr": "/about/ -- About!", "object_id": "2", "change_message": "Changed content.", "user": 1, "content_type": 9}}, {"pk": 52, "model": "admin.logentry", "fields": {"action_flag": 2, "action_time": "2010-03-19 13:29:11", "object_repr": "/about/ -- About!", "object_id": "2", "change_message": "Changed content.", "user": 1, "content_type": 9}}, {"pk": 51, "model": "admin.logentry", "fields": {"action_flag": 2, "action_time": "2010-03-18 16:34:38", "object_repr": "Digg", "object_id": "10", "change_message": "Changed category.", "user": 1, "content_type": 10}}, {"pk": 50, "model": "admin.logentry", "fields": {"action_flag": 2, "action_time": "2010-03-18 16:34:15", "object_repr": "StumbleUpon", "object_id": "11", "change_message": "Changed category.", "user": 1, "content_type": 10}}, {"pk": 49, "model": "admin.logentry", "fields": {"action_flag": 1, "action_time": "2010-03-18 16:34:06", "object_repr": "Cool-finding utility", "object_id": "7", "change_message": "", "user": 1, "content_type": 12}}, {"pk": 48, "model": "admin.logentry", "fields": {"action_flag": 2, "action_time": "2010-03-18 16:33:29", "object_repr": "YouTube", "object_id": "4", "change_message": "Changed category.", "user": 1, "content_type": 10}}, {"pk": 47, "model": "admin.logentry", "fields": {"action_flag": 1, "action_time": "2010-03-18 16:33:26", "object_repr": "Online user-created video", "object_id": "6", "change_message": "", "user": 1, "content_type": 12}}, {"pk": 46, "model": "admin.logentry", "fields": {"action_flag": 2, "action_time": "2010-03-18 16:32:20", "object_repr": "Friendster", "object_id": "7", "change_message": "Changed description.", "user": 1, "content_type": 10}}, {"pk": 45, "model": "admin.logentry", "fields": {"action_flag": 2, "action_time": "2010-03-18 16:31:49", "object_repr": "Facebook", "object_id": "6", "change_message": "Changed description.", "user": 1, "content_type": 10}}, {"pk": 44, "model": "admin.logentry", "fields": {"action_flag": 2, "action_time": "2010-03-18 16:31:30", "object_repr": "Facebook", "object_id": "6", "change_message": "Changed description.", "user": 1, "content_type": 10}}, {"pk": 43, "model": "admin.logentry", "fields": {"action_flag": 2, "action_time": "2010-03-18 16:31:06", "object_repr": "Facebook", "object_id": "6", "change_message": "Changed id_url and description.", "user": 1, "content_type": 10}}, {"pk": 42, "model": "admin.logentry", "fields": {"action_flag": 2, "action_time": "2010-03-18 16:27:34", "object_repr": "Twitter", "object_id": "1", "change_message": "Changed category.", "user": 1, "content_type": 10}}, {"pk": 41, "model": "admin.logentry", "fields": {"action_flag": 1, "action_time": "2010-03-18 16:27:32", "object_repr": "Microblogging", "object_id": "5", "change_message": "", "user": 1, "content_type": 12}}, {"pk": 40, "model": "admin.logentry", "fields": {"action_flag": 2, "action_time": "2010-03-18 16:27:03", "object_repr": "Flickr", "object_id": "2", "change_message": "Changed category.", "user": 1, "content_type": 10}}, {"pk": 39, "model": "admin.logentry", "fields": {"action_flag": 2, "action_time": "2010-03-18 16:26:58", "object_repr": "FurAffinity.net", "object_id": "3", "change_message": "Changed category.", "user": 1, "content_type": 10}}, {"pk": 38, "model": "admin.logentry", "fields": {"action_flag": 2, "action_time": "2010-03-18 16:26:51", "object_repr": "YouTube", "object_id": "4", "change_message": "Changed category.", "user": 1, "content_type": 10}}, {"pk": 37, "model": "admin.logentry", "fields": {"action_flag": 2, "action_time": "2010-03-18 16:26:45", "object_repr": "YouTube", "object_id": "4", "change_message": "Changed category.", "user": 1, "content_type": 10}}, {"pk": 36, "model": "admin.logentry", "fields": {"action_flag": 2, "action_time": "2010-03-18 16:26:38", "object_repr": "AOL Instant Messenger", "object_id": "5", "change_message": "Changed category.", "user": 1, "content_type": 10}}, {"pk": 35, "model": "admin.logentry", "fields": {"action_flag": 2, "action_time": "2010-03-18 16:26:31", "object_repr": "Facebook", "object_id": "6", "change_message": "Changed category.", "user": 1, "content_type": 10}}, {"pk": 34, "model": "admin.logentry", "fields": {"action_flag": 2, "action_time": "2010-03-18 16:26:14", "object_repr": "Friendster", "object_id": "7", "change_message": "Changed category.", "user": 1, "content_type": 10}}, {"pk": 33, "model": "admin.logentry", "fields": {"action_flag": 2, "action_time": "2010-03-18 16:26:07", "object_repr": "Delicious", "object_id": "8", "change_message": "Changed category.", "user": 1, "content_type": 10}}, {"pk": 32, "model": "admin.logentry", "fields": {"action_flag": 2, "action_time": "2010-03-18 16:26:00", "object_repr": "Xmarks", "object_id": "9", "change_message": "Changed category.", "user": 1, "content_type": 10}}, {"pk": 31, "model": "admin.logentry", "fields": {"action_flag": 1, "action_time": "2010-03-18 16:14:31", "object_repr": "Social Networking", "object_id": "4", "change_message": "", "user": 1, "content_type": 12}}, {"pk": 30, "model": "admin.logentry", "fields": {"action_flag": 1, "action_time": "2010-03-18 16:14:17", "object_repr": "User-created artwork", "object_id": "3", "change_message": "", "user": 1, "content_type": 12}}, {"pk": 29, "model": "admin.logentry", "fields": {"action_flag": 1, "action_time": "2010-03-18 16:13:05", "object_repr": "Instant Messaging", "object_id": "2", "change_message": "", "user": 1, "content_type": 12}}, {"pk": 28, "model": "admin.logentry", "fields": {"action_flag": 1, "action_time": "2010-03-18 16:10:58", "object_repr": "Category object", "object_id": "1", "change_message": "", "user": 1, "content_type": 12}}, {"pk": 27, "model": "admin.logentry", "fields": {"action_flag": 1, "action_time": "2010-03-18 16:01:46", "object_repr": "StumbleUpon", "object_id": "11", "change_message": "", "user": 1, "content_type": 10}}, {"pk": 26, "model": "admin.logentry", "fields": {"action_flag": 2, "action_time": "2010-03-18 15:58:40", "object_repr": "Twitter", "object_id": "1", "change_message": "Changed display.", "user": 1, "content_type": 10}}, {"pk": 25, "model": "admin.logentry", "fields": {"action_flag": 2, "action_time": "2010-03-18 15:58:27", "object_repr": "Flickr", "object_id": "2", "change_message": "Changed display.", "user": 1, "content_type": 10}}, {"pk": 24, "model": "admin.logentry", "fields": {"action_flag": 2, "action_time": "2010-03-18 15:58:19", "object_repr": "FurAffinity.net", "object_id": "3", "change_message": "Changed display.", "user": 1, "content_type": 10}}, {"pk": 23, "model": "admin.logentry", "fields": {"action_flag": 2, "action_time": "2010-03-18 15:58:12", "object_repr": "YouTube", "object_id": "4", "change_message": "Changed display.", "user": 1, "content_type": 10}}, {"pk": 22, "model": "admin.logentry", "fields": {"action_flag": 2, "action_time": "2010-03-18 15:57:58", "object_repr": "AOL Instant Messenger", "object_id": "5", "change_message": "Changed display.", "user": 1, "content_type": 10}}, {"pk": 21, "model": "admin.logentry", "fields": {"action_flag": 2, "action_time": "2010-03-18 15:57:47", "object_repr": "Facebook", "object_id": "6", "change_message": "No fields changed.", "user": 1, "content_type": 10}}, {"pk": 20, "model": "admin.logentry", "fields": {"action_flag": 2, "action_time": "2010-03-18 15:57:39", "object_repr": "Friendster", "object_id": "7", "change_message": "Changed display.", "user": 1, "content_type": 10}}, {"pk": 19, "model": "admin.logentry", "fields": {"action_flag": 2, "action_time": "2010-03-18 15:57:26", "object_repr": "Delicious", "object_id": "8", "change_message": "Changed display.", "user": 1, "content_type": 10}}, {"pk": 18, "model": "admin.logentry", "fields": {"action_flag": 2, "action_time": "2010-03-18 15:57:18", "object_repr": "Xmarks", "object_id": "9", "change_message": "Changed display.", "user": 1, "content_type": 10}}, {"pk": 17, "model": "admin.logentry", "fields": {"action_flag": 1, "action_time": "2010-03-18 15:57:11", "object_repr": "Digg", "object_id": "10", "change_message": "", "user": 1, "content_type": 10}}, {"pk": 16, "model": "admin.logentry", "fields": {"action_flag": 1, "action_time": "2010-03-18 15:54:16", "object_repr": "Xmarks", "object_id": "9", "change_message": "", "user": 1, "content_type": 10}}, {"pk": 15, "model": "admin.logentry", "fields": {"action_flag": 1, "action_time": "2010-03-18 15:49:47", "object_repr": "Delicious", "object_id": "8", "change_message": "", "user": 1, "content_type": 10}}, {"pk": 14, "model": "admin.logentry", "fields": {"action_flag": 1, "action_time": "2010-03-18 15:45:46", "object_repr": "Friendster", "object_id": "7", "change_message": "", "user": 1, "content_type": 10}}, {"pk": 13, "model": "admin.logentry", "fields": {"action_flag": 2, "action_time": "2010-03-18 15:15:38", "object_repr": "Facebook", "object_id": "6", "change_message": "Changed description.", "user": 1, "content_type": 10}}, {"pk": 12, "model": "admin.logentry", "fields": {"action_flag": 1, "action_time": "2010-03-18 15:13:42", "object_repr": "Facebook", "object_id": "6", "change_message": "", "user": 1, "content_type": 10}}, {"pk": 11, "model": "admin.logentry", "fields": {"action_flag": 1, "action_time": "2010-03-18 15:05:52", "object_repr": "AOL Instant Messenger", "object_id": "5", "change_message": "", "user": 1, "content_type": 10}}, {"pk": 10, "model": "admin.logentry", "fields": {"action_flag": 1, "action_time": "2010-03-18 15:01:11", "object_repr": "YouTube", "object_id": "4", "change_message": "", "user": 1, "content_type": 10}}, {"pk": 9, "model": "admin.logentry", "fields": {"action_flag": 1, "action_time": "2010-03-18 14:28:46", "object_repr": "FurAffinity.net", "object_id": "3", "change_message": "", "user": 1, "content_type": 10}}, {"pk": 8, "model": "admin.logentry", "fields": {"action_flag": 2, "action_time": "2010-03-17 11:21:48", "object_repr": "badger.mjs-svc.com", "object_id": "1", "change_message": "Changed domain and name.", "user": 1, "content_type": 7}}, {"pk": 7, "model": "admin.logentry", "fields": {"action_flag": 1, "action_time": "2010-03-17 11:21:15", "object_repr": "/donate/ -- Donate!", "object_id": "4", "change_message": "", "user": 1, "content_type": 9}}, {"pk": 6, "model": "admin.logentry", "fields": {"action_flag": 1, "action_time": "2010-03-17 11:20:51", "object_repr": "/help/ -- Help!", "object_id": "3", "change_message": "", "user": 1, "content_type": 9}}, {"pk": 5, "model": "admin.logentry", "fields": {"action_flag": 1, "action_time": "2010-03-17 11:20:29", "object_repr": "/about/ -- About!", "object_id": "2", "change_message": "", "user": 1, "content_type": 9}}, {"pk": 4, "model": "admin.logentry", "fields": {"action_flag": 1, "action_time": "2010-03-17 00:27:13", "object_repr": "Flickr", "object_id": "2", "change_message": "", "user": 1, "content_type": 10}}, {"pk": 3, "model": "admin.logentry", "fields": {"action_flag": 2, "action_time": "2010-03-16 21:32:08", "object_repr": "mscott", "object_id": "1", "change_message": "Changed first_name and last_name.", "user": 1, "content_type": 3}}, {"pk": 2, "model": "admin.logentry", "fields": {"action_flag": 1, "action_time": "2010-03-16 21:29:29", "object_repr": "Service object", "object_id": "1", "change_message": "", "user": 1, "content_type": 10}}, {"pk": 1, "model": "admin.logentry", "fields": {"action_flag": 1, "action_time": "2010-03-16 21:26:56", "object_repr": "/ -- Badgerific!", "object_id": "1", "change_message": "", "user": 1, "content_type": 9}}, {"pk": 1, "model": "flatpages.flatpage", "fields": {"registration_required": false, "title": "Badgerific!", "url": "/", "template_name": "", "sites": [1], "content": "<p style=\"text-align: center\"><img src=\"http://mjs-svc.com/badger/splash.png\"><br />\r\n<br />\r\nWelcome to Badger, badger!  Badge yo'self on up!</p>", "enable_comments": false}}, {"pk": 2, "model": "flatpages.flatpage", "fields": {"registration_required": false, "title": "About!", "url": "/about/", "template_name": "", "sites": [1], "content": "<p><strong>Welcome to Badger!  Beta!</strong>  - If you run into any problems, feel free to <a href=\"mailto:mjs+badgerbeta@mjs-svc.com\">let us know!</a></p>\r\n\r\n<p>Badger! is a neat little tool that just makes a badge of contacts for you to put on your web site, blag, and so on.  In short, you create little badgelets for each of the accounts on each service you use with your user name or part of the URL, and these badgelets are added as icons to your badge.  All you have to do after that is copy-paste a little snippet of code wherever you want your badger to appear!  People visiting one of your places on the web can then get to one of your other places on the web with just a click.  If you have any questions, you can check out the <a href=\"/help/\">help page</a></p>\r\n\r\n<p>Badger! is a project by <a href=\"http://mjs-svc.com\">MJS Services</a> and was completed in two days after MJS woke up one morning with the idea fully formed in his head.  Weird, huh?  It all seems to have worked out, though!  It's provided as a free service*, but it isn't quite free to run, so if you're happy with it, you can always show it by <a href=\"/donate/\">donating</a></p>\r\n\r\n<p>:o)</p>\r\n\r\n<p>* All the stuff that makes Badger! work is provided under the GNU GPLv3<br />\r\n<a href=\"http://www.gnu.org/licenses/gpl.html\"><img src=\"http://media.drab-makyo.com/images/gplv3-88x31.png\" /></a></p>\r\n\r\n<p>If you're interested in running your own version of Badger! for your self for some reason, please <a href=\"http://mjs-svc.com/contact\">contact</a> MJS Services about it.</p>", "enable_comments": false}}, {"pk": 4, "model": "flatpages.flatpage", "fields": {"registration_required": false, "title": "Donate!", "url": "/donate/", "template_name": "", "sites": [1], "content": "<p>Help a badger out!  This site is offered as a free service because it's pretty minimal, but unfortunately, it does cost a little bit to maintain and run.  Toss us a buck or two to help us out with coffee, not that we need any more!</p>\r\n\r\n<form action=\"https://www.paypal.com/cgi-bin/webscr\" method=\"post\">\r\n<input type=\"hidden\" name=\"cmd\" value=\"_s-xclick\">\r\n<input type=\"hidden\" name=\"hosted_button_id\" value=\"GCEMA35EEJGL8\">\r\n<input type=\"image\" src=\"https://www.paypal.com/en_US/i/btn/btn_donateCC_LG.gif\" border=\"0\" name=\"submit\" alt=\"PayPal - The safer, easier way to pay online!\">\r\n<img alt=\"\" border=\"0\" src=\"https://www.paypal.com/en_US/i/scr/pixel.gif\" width=\"1\" height=\"1\">\r\n</form>\r\n", "enable_comments": false}}, {"pk": 3, "model": "flatpages.flatpage", "fields": {"registration_required": false, "title": "Help!", "url": "/help/", "template_name": "", "sites": [1], "content": "<p>Help!  Don't understand?  Here's a few steps to go through!</p>\r\n\r\n<ol>\r\n<li class=\"odd\"><strong>Join on up!</strong>  - If you haven't already, you can <a href=\"/accounts/create/\">join</a> in order to make your own badge.</li>\r\n<li class=\"even\"><strong>Pick out some services</strong> - Are you on facebook?  Youtube?  Livejournal?  All of these services and more can be added to your badge as badgelets!  Simply find the service and give us a little bit of an identifier!  For many sites, this will be your user name for that site (don't worry, we'll never ask for any passwords!), but some, such as Facebook are a little more involved and will require you to copy a portion of the URL in order for the badgelet to work for everyone.<br />\r\n<img src=\"http://mjs-svc.com/badger/step2.png\" style=\"border: 1px solid black; width: 400px\" /></li>\r\n<li class=\"odd\"><strong>Get your badge</strong> - When you go to the 'your badge' page, you're given a snippet of code you can put on whichever page you'd like (note that some sites don't allow posting of code - apologies!  Nothing we can do about that, unfortunately; though you can post a link to your badge page in the badge's stead!) simply by copy-pasting!<br />\r\n<img src=\"http://mjs-svc.com/badger/step3.png\" style=\"border: 1px solid black; width: 400px\" /></li>\r\n<li class=\"even\"><strong>Rinse, repeat, edit as needed!</strong> - You can add as many badgelets as you'd like for your presence around the web.  Note that there are a few services flagged as 'adult', which means that you can add them to your badge, but only to those who are logged into Badger themselves.  You may also edit or delete any of your badges from the 'your badge' page.  Editing looks just like adding - you can simply change the identifier you've given - and deleting is just a click away, after a confirmation!<br />\r\n<img src=\"http://mjs-svc.com/badger/step4.png\" style=\"border: 1px solid black; width: 400px\" /></li>\r\n</ol>", "enable_comments": false}}, {"pk": 1, "model": "badge.category", "fields": {"slug": "bookmarks", "name": "Bookmarks"}}, {"pk": 2, "model": "badge.category", "fields": {"slug": "im", "name": "Instant Messaging"}}, {"pk": 3, "model": "badge.category", "fields": {"slug": "user-art", "name": "User-created artwork"}}, {"pk": 4, "model": "badge.category", "fields": {"slug": "social-networking", "name": "Social Networking"}}, {"pk": 5, "model": "badge.category", "fields": {"slug": "microblog", "name": "Microblogging"}}, {"pk": 6, "model": "badge.category", "fields": {"slug": "user-video", "name": "Online user-created video"}}, {"pk": 7, "model": "badge.category", "fields": {"slug": "coolfinding", "name": "Cool-finding utility"}}, {"pk": 8, "model": "badge.category", "fields": {"slug": "blogging", "name": "Blogging"}}, {"pk": 9, "model": "badge.category", "fields": {"slug": "email", "name": "Email"}}, {"pk": 10, "model": "badge.category", "fields": {"slug": "security", "name": "Security"}}, {"pk": 11, "model": "badge.category", "fields": {"slug": "webpages", "name": "User Web Pages"}}, {"pk": 15, "model": "badge.service", "fields": {"category": 8, "description": "TypePad free and pro blogs!", "display": "TypePad: %(id)s", "url": "http://typepad.com/", "id_url": "http://%(id)s.typepad.com/", "name": "TypePad", "adult": false, "suggestion": false, "slug": "typepad", "icon": "icons/typepad-1.png"}}, {"pk": 19, "model": "badge.service", "fields": {"category": 11, "description": "For your own website!  Make sure to include the 'http://' portion of the URL!", "display": "%(id)s", "url": "http://mjs-svc.com/", "id_url": "%(id)s", "name": "Web Page", "adult": false, "suggestion": false, "slug": "Website", "icon": "icons/website.png"}}, {"pk": 16, "model": "badge.service", "fields": {"category": 9, "description": "Use this if you want to differentiate between any ol' email and a primary email address!", "display": "Primary: %(id)s", "url": "http://gmail.com/", "id_url": "mailto:%(id)s", "name": "Primary Email Address", "adult": false, "suggestion": false, "slug": "prim-mail", "icon": "icons/primary-mail.png"}}, {"pk": 9, "model": "badge.service", "fields": {"category": 1, "description": "Bookmark sync-n-search", "display": "Xmarks", "url": "http://xmarks.com/", "id_url": "http://xmarks.com/profile/%(id)s", "name": "Xmarks", "adult": false, "suggestion": false, "slug": "xmarks", "icon": "icons/favicon.ico"}}, {"pk": 8, "model": "badge.service", "fields": {"category": 1, "description": "The tastiest bookmark site out there!", "display": "Delicious", "url": "http://delicious.com/", "id_url": "http://delicious.com/%(id)s", "name": "Delicious", "adult": false, "suggestion": false, "slug": "delicious", "icon": "icons/delicious-0.png"}}, {"pk": 17, "model": "badge.service", "fields": {"category": 9, "description": "An email address!", "display": "%(id)s", "url": "http://gmail.com/", "id_url": "mailto:%(id)s", "name": "Email Address", "adult": false, "suggestion": false, "slug": "email", "icon": "icons/mail.png"}}, {"pk": 3, "model": "badge.service", "fields": {"category": 3, "description": "The premier site for furry art on the net!", "display": "FA: %(id)s", "url": "http://furaffinity.net/", "id_url": "http://furaffinity.net/user/%(id)s", "name": "FurAffinity.net", "adult": false, "suggestion": false, "slug": "furaffinity", "icon": "icons/fa-0.png"}}, {"pk": 5, "model": "badge.service", "fields": {"category": 2, "description": "The chat client of lore!", "display": "AIM: %(id)s", "url": "http://products.aim.com/", "id_url": "aim:goim?screenname=%(id)s", "name": "AOL Instant Messenger", "adult": false, "suggestion": false, "slug": "aim", "icon": "icons/aim-1.png"}}, {"pk": 18, "model": "badge.service", "fields": {"category": 10, "description": "Your PGP public key on any keyserver or website - simply copy the URL that displays your public key or WoT.", "display": "PGP public key", "url": "http://pgp.com/", "id_url": "%(id)s", "name": "PGP Public Key", "adult": false, "suggestion": false, "slug": "pgp", "icon": "icons/pgp.png"}}, {"pk": 6, "model": "badge.service", "fields": {"category": 4, "description": "One of the early social networking sites!<br />\r\n<br />\r\n(N.B.: use the part of the URL that comes after 'facebook.com/'; if you have a username, this would be, for example, if your username is badgerific, http://facebook.com/<em>badgerific</em>, otherwise, this will look like http://facebook.com/<em>profile.php?id=1234567890</em>)\r\n", "display": "Facebook", "url": "http://facebook.com/", "id_url": "http://facebook.com/%(id)s", "name": "Facebook", "adult": false, "suggestion": false, "slug": "facebook", "icon": "icons/fb.png"}}, {"pk": 7, "model": "badge.service", "fields": {"category": 4, "description": "A social networking website.<br />\r\n<br />\r\n(N.B.: grab the number in the URL of your profile!)", "display": "Friendster", "url": "http://friendster.com/", "id_url": "http://profiles.friendster.com/%(id)s", "name": "Friendster", "adult": false, "suggestion": false, "slug": "friendster", "icon": "icons/friendster.png"}}, {"pk": 4, "model": "badge.service", "fields": {"category": 6, "description": "The video site that made it to the top!", "display": "YouTube: %(id)s", "url": "http://youtube.com/", "id_url": "http://youtube.com/user/%(id)s", "name": "YouTube", "adult": false, "suggestion": false, "slug": "youtube", "icon": "icons/yt.png"}}, {"pk": 14, "model": "badge.service", "fields": {"category": 8, "description": "Google's blogging service.", "display": "Blogger: %(id)s", "url": "http://blogger.com/", "id_url": "http://%(id)s.blogger.com", "name": "Blogger", "adult": false, "suggestion": false, "slug": "blogger", "icon": "icons/blogger-1.png"}}, {"pk": 13, "model": "badge.service", "fields": {"category": 8, "description": "WordPress blogging!  Yes!", "display": "WordPress: %(id)s", "url": "http://wordpress.com/", "id_url": "http://%(id)s.wordpress.com", "name": "WordPress", "adult": false, "suggestion": false, "slug": "wordpress", "icon": "icons/wp.png"}}, {"pk": 11, "model": "badge.service", "fields": {"category": 7, "description": "Stumble upon relevant content on the web", "display": "StumbleUpon", "url": "http://stumbleupon.com/", "id_url": "http://stumbleupon.com/stumbler/%(id)s", "name": "StumbleUpon", "adult": false, "suggestion": false, "slug": "stumbleupon", "icon": "icons/stumbleupon.png"}}, {"pk": 10, "model": "badge.service", "fields": {"category": 7, "description": "Interesting news and neat content.", "display": "Digg", "url": "http://digg.com/", "id_url": "http://digg.com/users/%(id)s", "name": "Digg", "adult": false, "suggestion": false, "slug": "digg", "icon": "icons/digg.png"}}, {"pk": 12, "model": "badge.service", "fields": {"category": 8, "description": "One of the older blogging services out there!", "display": "LJ: %(id)s", "url": "http://livejournal.com/", "id_url": "http://%(id)s.livejournal.com", "name": "LiveJournal", "adult": false, "suggestion": false, "slug": "livejournal", "icon": "icons/lj-1.png"}}, {"pk": 2, "model": "badge.service", "fields": {"category": 3, "description": "Pretty much the best photo site around.", "display": "Flickr", "url": "http://flickr.com/", "id_url": "http://flickr.com/photos/%(id)s", "name": "Flickr", "adult": false, "suggestion": false, "slug": "flickr", "icon": "icons/flickr.png"}}, {"pk": 1, "model": "badge.service", "fields": {"category": 5, "description": "Only <em>the</em> most famous microblogging site of them all!  Duh!", "display": "Twitter: @%(id)s", "url": "http://twitter.com/", "id_url": "http://twitter.com/%(id)s", "name": "Twitter", "adult": false, "suggestion": false, "slug": "twitter", "icon": "icons/t_mini-b.png"}}, {"pk": 2, "model": "badge.implementation", "fields": {"notes": "Style and script tags blocked.", "suggestion": false, "support": "static", "location": "entry", "service": 12}}, {"pk": 1, "model": "badge.implementation", "fields": {"notes": "No script or style tags; no style attributes on static badge", "suggestion": false, "support": "link", "location": "profile page", "service": 12}}, {"pk": 24, "model": "badge.badgelet", "fields": {"hidden": false, "identifier": "makyo@drab-makyo.com", "weight": 0, "user": 2, "service": 16}}, {"pk": 25, "model": "badge.badgelet", "fields": {"hidden": false, "identifier": "mjs@mjs-vc.com", "weight": 1, "user": 2, "service": 17}}, {"pk": 27, "model": "badge.badgelet", "fields": {"hidden": false, "identifier": "matthew.scott@rams.colostate.edu", "weight": 2, "user": 2, "service": 17}}, {"pk": 26, "model": "badge.badgelet", "fields": {"hidden": false, "identifier": "mjs@mjs-publishing.com", "weight": 3, "user": 2, "service": 17}}, {"pk": 23, "model": "badge.badgelet", "fields": {"hidden": false, "identifier": "http://pgp.mit.edu:11371/pks/lookup?op=get&search=0x8361A9B7C55309AB", "weight": 4, "user": 2, "service": 18}}, {"pk": 29, "model": "badge.badgelet", "fields": {"hidden": false, "identifier": "http://drab-makyo.com", "weight": 5, "user": 2, "service": 19}}, {"pk": 30, "model": "badge.badgelet", "fields": {"hidden": false, "identifier": "http://mjs-svc.com", "weight": 6, "user": 2, "service": 19}}, {"pk": 31, "model": "badge.badgelet", "fields": {"hidden": false, "identifier": "http://mjs-publishing.com", "weight": 7, "user": 2, "service": 19}}, {"pk": 21, "model": "badge.badgelet", "fields": {"hidden": false, "identifier": "drab_makyo", "weight": 8, "user": 2, "service": 1}}, {"pk": 32, "model": "badge.badgelet", "fields": {"hidden": false, "identifier": "drab-makyo", "weight": 9, "user": 2, "service": 12}}, {"pk": 18, "model": "badge.badgelet", "fields": {"hidden": false, "identifier": "drabmakyo", "weight": 10, "user": 2, "service": 5}}, {"pk": 20, "model": "badge.badgelet", "fields": {"hidden": false, "identifier": "ranna", "weight": 11, "user": 2, "service": 2}}, {"pk": 17, "model": "badge.badgelet", "fields": {"hidden": false, "identifier": "rannafox", "weight": 12, "user": 2, "service": 4}}, {"pk": 19, "model": "badge.badgelet", "fields": {"hidden": false, "identifier": "ranna", "weight": 13, "user": 2, "service": 3}}, {"pk": 16, "model": "badge.badgelet", "fields": {"hidden": false, "identifier": "drabmakyo", "weight": 14, "user": 2, "service": 6}}, {"pk": 15, "model": "badge.badgelet", "fields": {"hidden": false, "identifier": "drab-makyo", "weight": 15, "user": 2, "service": 9}}]
